,t1,t2,t3,t4,t5,t6,t8,t9,t7_0,t7_1,t7_2,t10_0,t10_1,t10_2,t11_0,t11_1,t11_2,t12_0,t12_1,t12_2,13_0,13_1,13_2,14_0,14_1,14_2,14_3,14_4,14_5,15_0,15_1,15_2,15_3,15_4
0,0,3,0,2,5,1,3,1,2,3,3,2,3,5,1,0,0,1,2,3,2,3,4,1,2,4,4,4,4,1,2,4,4,4
1,1,4,1,2,4,1,2,1,2,2,2,1,2,5,0,0,0,1,2,3,1,2,4,1,2,3,3,3,3,1,2,4,4,4
2,0,3,1,2,4,2,2,1,2,2,2,1,5,0,4,0,0,1,2,0,1,2,3,1,2,3,4,5,5,1,3,4,4,4
3,1,4,0,3,4,3,3,1,2,2,2,4,5,5,2,0,0,3,3,3,2,2,2,1,2,3,4,5,5,1,1,1,1,1
4,0,3,1,2,4,1,2,1,3,3,3,1,2,5,2,3,4,1,2,3,1,2,2,1,2,3,3,3,3,1,2,2,2,2
5,0,3,1,1,1,2,2,1,2,2,2,1,2,2,4,4,4,3,3,3,3,4,4,1,2,3,4,5,5,1,4,4,4,4
6,0,3,0,3,5,1,1,2,1,1,1,1,4,5,1,3,4,3,3,3,3,3,3,1,2,3,4,5,5,1,2,4,4,4
7,1,3,1,1,2,3,2,1,1,1,1,1,2,5,1,1,1,2,2,2,1,2,3,1,2,2,2,2,2,4,4,4,4,4
8,1,3,0,4,5,2,3,1,2,3,3,0,0,0,2,0,0,1,2,3,1,2,3,0,0,0,0,0,0,4,0,0,0,0
9,0,3,1,2,4,2,1,1,2,2,2,2,2,2,0,0,0,3,3,3,4,4,4,1,2,3,5,5,5,1,2,3,4,4
10,1,3,1,1,1,1,2,1,2,2,2,1,4,5,0,0,0,1,2,2,2,4,4,1,3,3,3,3,3,1,1,1,1,1
11,0,2,1,3,4,4,2,1,3,3,3,2,3,3,3,0,0,1,2,3,1,1,1,1,3,5,5,5,5,3,4,4,4,4
12,0,3,1,3,4,2,2,1,2,2,2,2,2,2,4,4,4,2,2,2,2,2,2,0,0,0,0,0,0,1,1,1,1,1
13,0,3,0,1,4,2,2,1,2,2,2,1,2,5,2,3,3,3,3,3,1,2,4,3,4,4,4,4,4,1,2,2,2,2
14,1,3,1,1,4,2,2,1,2,2,2,5,5,5,4,0,0,1,1,1,1,2,2,1,2,3,4,5,5,3,4,4,4,4
15,0,3,0,2,4,1,2,1,2,2,2,2,3,3,4,4,4,3,3,3,1,1,1,3,4,4,4,4,4,2,4,4,4,4
16,0,3,0,2,5,1,2,1,2,3,3,2,2,2,0,0,0,3,3,3,1,1,1,0,0,0,0,0,0,4,4,4,4,4
17,1,3,1,2,4,2,2,1,2,3,3,1,2,5,1,2,4,1,2,2,1,2,2,1,2,3,0,0,0,2,4,0,0,0
18,0,3,0,2,5,1,2,1,3,3,3,3,5,5,3,4,4,2,3,3,2,3,4,1,2,3,4,5,5,1,2,4,4,4
19,1,3,1,2,2,4,2,1,2,2,2,1,4,5,1,2,2,3,3,3,3,3,3,0,0,0,0,0,0,1,2,3,4,0
20,1,3,1,3,4,2,2,1,2,2,2,1,2,3,4,0,0,1,2,3,3,4,4,2,3,4,5,5,5,1,2,0,0,0
21,0,3,0,3,5,2,2,1,2,2,2,3,5,0,1,1,1,3,3,0,2,2,2,1,2,2,2,2,2,1,2,2,2,2
22,0,1,1,1,1,3,1,1,1,2,2,1,2,3,1,2,3,1,2,2,1,2,3,1,2,3,4,5,0,1,2,3,4,0
23,0,3,0,2,4,1,2,1,2,2,2,2,3,5,3,4,0,1,2,3,1,2,3,1,3,5,5,5,5,2,3,4,4,4
24,1,4,1,1,1,2,2,2,2,2,2,1,2,5,1,0,0,1,2,3,1,3,3,1,2,3,4,5,5,1,2,3,4,4
25,1,4,1,1,1,2,1,2,1,2,3,1,2,5,1,2,0,3,3,3,1,2,2,1,3,4,4,4,4,1,1,1,1,1
26,0,5,0,1,4,1,2,2,2,2,2,3,4,5,4,0,0,1,2,3,1,2,3,1,2,3,4,5,0,1,2,3,4,0
27,0,3,1,2,4,2,2,1,2,3,3,1,5,5,4,0,0,1,0,0,1,2,2,1,2,3,3,3,3,3,4,4,4,4
28,1,3,0,2,4,1,2,1,2,2,2,2,3,3,2,0,0,3,3,3,2,4,4,1,2,3,4,5,5,1,2,4,4,4
29,0,1,0,4,3,4,4,4,2,2,2,4,0,0,0,0,0,0,0,0,4,4,4,5,5,5,5,5,5,0,0,0,0,0
30,0,3,0,1,4,2,2,2,2,3,3,2,3,3,3,3,3,1,2,2,1,3,3,1,2,5,5,5,5,1,4,4,4,4
31,1,5,1,1,4,1,2,2,3,3,3,1,3,3,1,4,4,1,3,3,1,1,1,1,3,5,5,5,5,1,2,4,4,4
32,1,3,1,2,2,2,3,2,3,3,3,2,2,2,2,2,2,2,2,2,2,2,2,3,3,3,3,3,3,2,2,2,2,2
33,0,3,1,1,1,2,3,1,2,2,2,1,2,2,1,2,4,2,2,2,1,2,3,1,4,4,4,4,4,1,1,1,1,1
34,0,3,0,2,5,1,2,1,3,3,3,5,5,5,3,4,4,1,2,3,1,1,1,3,5,5,5,5,5,1,2,2,2,2
35,1,4,1,5,5,4,4,1,1,2,3,4,4,4,2,2,2,1,2,2,2,3,3,2,2,2,2,2,2,1,2,4,4,4
36,0,3,0,1,4,2,2,1,2,2,2,1,2,3,4,0,0,1,2,2,2,2,2,1,4,5,5,5,5,1,4,4,4,4
37,0,3,0,1,4,2,2,1,2,2,2,2,4,5,4,4,4,1,2,3,1,2,3,1,2,3,4,5,5,1,2,3,4,4
38,0,3,0,2,5,2,1,1,2,2,2,2,3,5,4,0,0,1,3,3,2,2,2,1,3,3,3,3,3,4,4,4,4,4
39,0,3,0,2,4,1,2,1,2,2,2,1,5,5,0,0,0,1,1,1,2,2,2,5,5,5,5,5,5,1,1,1,1,1
40,0,3,0,2,5,1,2,1,3,3,3,2,2,2,0,0,0,2,3,3,1,1,1,2,4,4,4,4,4,1,3,4,4,4
41,1,3,1,1,4,3,2,2,2,3,4,1,3,5,1,2,0,1,2,2,1,2,3,1,2,3,5,5,5,1,2,0,0,0
42,0,3,0,5,5,1,1,1,3,3,3,2,2,2,4,4,4,3,3,3,1,1,1,0,0,0,0,0,0,4,0,0,0,0
43,0,4,0,2,5,1,1,1,2,3,3,2,3,3,4,0,0,2,3,0,1,2,3,1,2,3,5,5,5,3,4,4,4,4
44,0,3,0,2,4,1,1,1,2,3,3,1,2,5,0,0,0,1,2,2,1,2,2,1,2,3,3,3,3,1,2,4,4,4
45,0,3,1,1,4,2,3,3,2,2,2,2,3,3,4,4,4,2,2,2,1,1,1,1,3,3,3,3,3,1,2,3,3,3
46,0,4,0,3,5,1,2,1,3,3,3,1,2,3,3,4,4,3,3,3,2,2,2,1,3,3,3,3,3,1,3,4,4,4
47,0,3,0,2,5,3,2,1,2,2,2,1,4,5,2,2,2,1,1,1,2,2,2,1,2,3,3,3,3,1,2,4,4,4
48,0,3,0,2,4,2,2,1,2,2,2,5,5,5,2,0,0,2,3,3,2,2,2,1,2,3,5,5,5,1,2,2,2,2
49,0,3,1,2,4,2,1,1,3,3,3,2,2,2,1,2,0,1,2,0,1,2,2,1,2,3,3,3,3,2,3,4,4,4
50,0,3,0,2,1,1,2,1,2,2,2,1,2,5,0,0,0,0,0,0,2,2,2,0,0,0,0,0,0,1,1,1,1,1
51,0,3,0,2,4,1,1,1,3,3,3,3,3,3,3,4,0,1,2,2,1,2,4,1,2,3,5,5,5,1,2,3,4,4
52,0,3,0,2,4,2,2,1,2,3,3,2,2,2,4,0,0,0,0,0,2,2,2,0,0,0,0,0,0,4,0,0,0,0
53,0,3,0,3,4,1,2,2,3,3,3,2,2,2,3,3,3,1,3,0,1,2,2,2,3,5,5,5,5,1,1,1,1,1
54,0,3,1,2,4,1,2,1,2,2,2,1,5,5,4,0,0,0,0,0,1,2,2,3,0,0,0,0,0,4,4,4,4,4
55,0,3,0,1,5,2,1,1,3,3,3,2,3,3,3,4,0,1,3,3,1,1,1,4,4,4,4,4,4,4,4,4,4,4
56,1,3,0,3,5,1,1,1,2,3,3,2,3,5,2,2,2,3,3,3,2,2,2,4,4,4,4,4,4,1,1,1,1,1
57,1,3,1,1,3,2,2,2,1,2,2,1,2,3,1,1,1,3,3,3,1,2,3,1,2,3,3,3,3,1,4,4,4,4
58,1,3,1,1,3,2,3,1,1,2,2,1,3,5,1,0,0,1,3,3,1,1,1,1,3,3,3,3,3,1,4,4,4,4
59,1,3,1,1,3,3,2,1,1,1,1,1,3,3,1,1,1,1,2,3,1,4,4,3,5,5,5,5,5,1,2,3,3,3
60,1,3,1,1,3,3,2,2,1,1,1,1,4,5,1,1,1,2,2,2,1,2,3,1,2,3,4,4,4,1,1,1,1,1
61,1,2,1,2,4,2,2,1,1,2,2,1,4,5,1,2,2,1,3,3,2,2,2,2,3,5,5,5,5,2,4,4,4,4
62,1,4,1,1,4,2,2,1,1,1,1,1,1,1,1,2,2,1,2,3,2,3,3,3,3,3,3,3,3,2,3,4,4,4
63,1,4,0,1,5,2,2,2,1,2,2,1,3,5,1,0,0,2,3,3,2,3,4,3,4,4,4,4,4,1,2,3,3,3
64,1,3,1,1,3,2,2,2,1,1,1,1,3,5,1,1,1,1,2,2,1,1,1,1,2,3,4,5,5,1,2,4,4,4
65,1,2,0,2,2,2,2,2,2,2,2,2,2,2,1,2,2,3,3,3,2,2,2,2,2,2,2,2,2,2,2,2,2,2
66,1,1,1,1,3,3,1,1,2,3,4,3,4,5,2,0,0,2,2,2,2,2,2,1,2,3,5,5,5,1,2,3,3,3
67,1,2,0,2,2,1,1,1,1,1,1,1,3,3,1,1,1,1,1,1,2,2,2,1,1,1,1,1,1,2,2,2,2,2
68,1,3,0,3,5,2,3,1,1,1,1,1,5,5,2,2,2,2,2,2,2,2,2,1,3,3,3,3,3,2,3,3,3,3
69,1,3,1,2,5,2,3,1,1,1,1,1,2,2,2,0,0,2,2,2,1,1,1,1,2,5,5,5,5,1,2,3,4,4
70,0,2,0,1,5,1,2,1,2,3,3,2,5,5,1,2,3,1,2,3,1,2,2,1,2,3,4,5,0,1,2,3,4,0
71,0,2,0,2,4,1,2,1,2,2,2,0,0,0,2,2,2,3,0,0,4,4,4,0,0,0,0,0,0,3,3,3,3,3
72,0,2,0,1,4,1,2,1,2,2,2,1,2,4,2,2,2,1,2,2,1,2,4,1,2,3,3,3,3,1,4,4,4,4
73,0,2,1,1,3,2,2,1,3,3,3,2,3,3,0,0,0,1,1,1,1,2,2,1,4,4,4,4,4,4,4,4,4,4
74,0,3,0,1,4,2,2,1,3,3,3,2,3,3,3,4,4,2,2,2,1,3,3,1,2,3,5,5,5,3,3,3,3,3
75,0,3,0,1,1,2,1,2,1,1,1,1,2,5,1,0,0,3,3,3,1,1,1,1,2,4,4,4,4,4,4,4,4,4
76,0,1,0,2,5,1,1,1,2,3,3,2,2,2,4,0,0,1,3,3,3,3,3,3,4,5,5,5,5,4,4,4,4,4
77,0,3,1,2,4,2,1,1,2,2,2,1,2,5,2,0,0,1,3,3,1,1,1,1,3,5,5,5,5,1,2,3,4,0
78,0,4,0,1,4,2,2,2,1,1,1,2,3,5,1,2,4,1,3,3,2,3,4,1,2,3,5,5,5,1,2,4,0,0
79,0,4,1,1,4,3,2,1,2,2,2,1,4,5,2,3,4,2,3,0,2,4,4,2,3,5,5,5,5,1,2,3,4,4
80,0,2,0,3,5,1,3,1,2,2,2,5,5,5,0,0,0,0,0,0,4,4,4,0,0,0,0,0,0,0,0,0,0,0
81,0,2,0,3,4,2,3,1,2,2,2,1,2,3,3,3,3,3,3,3,1,3,3,1,2,3,5,5,5,1,3,3,3,3
82,0,2,0,2,5,2,1,1,2,2,2,2,3,3,2,3,3,1,1,1,1,1,1,1,4,4,4,4,4,1,1,1,1,1
83,0,3,0,1,5,1,2,1,2,2,2,2,3,5,3,4,0,1,2,2,1,2,3,1,2,3,5,5,5,1,2,3,3,3
84,1,3,0,3,5,2,1,1,2,2,2,1,5,5,0,0,0,3,3,3,3,4,4,5,0,0,0,0,0,4,0,0,0,0
85,1,3,1,1,3,3,2,2,1,1,1,1,3,5,1,1,1,1,2,2,2,2,2,1,2,3,5,5,5,1,2,3,3,3
86,1,3,1,2,4,3,2,2,1,1,1,1,3,5,1,4,0,1,2,2,1,2,2,1,2,3,5,0,0,2,4,4,4,4
87,1,2,1,1,3,1,3,1,1,2,2,1,4,5,1,4,0,1,2,3,3,4,4,1,2,3,5,5,5,1,2,3,3,3
88,0,2,1,1,4,2,2,1,2,2,2,1,5,5,2,4,4,1,2,2,2,4,4,1,3,3,3,3,3,1,2,3,3,3
89,1,3,1,1,1,1,2,1,2,2,2,1,5,5,2,0,0,1,0,0,2,3,3,0,0,0,0,0,0,0,0,0,0,0
90,0,3,0,2,4,2,3,2,2,2,2,2,3,5,4,4,4,1,2,2,2,2,2,1,3,3,3,3,3,3,4,4,4,4
91,0,4,0,1,4,1,2,1,1,2,2,1,2,3,1,2,4,2,2,2,1,2,4,1,2,3,4,5,0,1,2,3,4,0
92,1,3,1,2,4,2,2,1,1,1,1,1,2,3,1,1,1,1,2,2,2,3,3,1,2,3,3,3,3,1,2,2,2,2
93,1,4,1,2,5,2,2,1,1,2,3,1,4,5,2,4,4,1,3,3,1,2,2,3,3,3,3,3,3,1,2,4,4,4
94,1,2,0,3,5,1,2,1,3,3,3,3,5,5,3,4,4,1,2,3,1,1,1,0,0,0,0,0,0,1,4,4,4,4
95,1,1,1,3,2,1,4,2,1,1,1,2,2,2,2,2,2,3,3,3,2,2,2,2,2,2,2,2,2,1,4,4,4,4
96,1,1,1,1,1,2,1,1,1,1,1,1,0,0,1,1,1,1,1,1,1,1,1,1,1,1,1,1,1,1,1,1,1,1
97,0,3,0,2,4,2,2,1,2,2,2,1,4,5,4,4,4,1,3,3,1,2,2,2,3,3,3,3,3,1,4,4,4,4
98,1,5,1,1,1,1,4,4,1,1,1,1,1,1,2,2,2,1,1,1,3,3,3,3,3,3,3,3,3,2,2,2,2,2
99,1,2,1,1,3,3,1,1,1,2,4,1,4,5,2,2,2,2,2,2,1,1,1,1,3,4,4,4,4,1,2,4,4,4
100,1,2,1,2,2,3,2,1,1,1,1,1,3,4,1,1,1,1,1,1,1,1,1,1,2,3,3,3,3,4,4,4,4,4
101,1,3,0,2,2,2,3,3,3,3,3,2,2,2,2,2,2,2,2,2,1,1,1,3,3,3,3,3,3,1,1,1,1,1
102,1,1,1,1,1,1,1,1,1,1,1,1,1,1,1,1,1,1,1,1,1,1,1,1,1,1,1,1,1,1,1,1,1,1
103,1,3,0,1,5,1,1,4,2,2,2,1,1,1,2,2,2,1,1,1,1,1,1,4,4,4,4,4,4,1,1,1,1,1
104,1,2,1,1,3,3,2,1,1,1,1,4,4,4,1,1,1,1,1,1,2,2,2,1,2,3,4,4,4,1,2,3,4,4
105,1,3,0,1,4,2,2,1,2,2,2,1,5,0,0,0,0,1,2,0,1,2,2,1,3,0,0,0,0,4,0,0,0,0
106,1,3,1,2,3,2,2,1,1,1,1,1,5,5,1,1,1,1,1,1,1,1,1,1,2,3,3,3,3,4,0,0,0,0
107,0,3,0,2,5,1,3,1,2,3,3,2,4,5,2,2,2,2,3,0,1,1,1,2,4,0,0,0,0,4,4,4,4,4
108,0,1,0,1,4,1,1,1,2,3,3,2,3,5,2,3,4,1,2,3,2,4,4,1,2,3,4,4,4,1,4,4,4,4
109,1,2,0,1,4,1,1,1,1,1,1,1,1,1,0,0,0,1,1,1,1,1,1,1,1,1,1,1,1,1,1,1,1,1
110,1,4,1,1,3,3,3,2,1,1,1,3,4,5,1,2,2,1,2,2,1,2,3,1,2,2,2,2,2,1,3,3,3,3
111,0,1,0,2,5,1,2,1,1,2,3,2,4,5,3,4,4,1,1,1,1,1,1,1,1,1,1,1,1,1,1,1,1,1
112,0,3,1,1,4,2,2,2,2,2,2,2,3,5,2,3,4,1,1,1,1,2,2,1,2,2,2,2,2,1,2,2,2,2
113,0,4,1,1,4,2,2,2,1,3,4,1,2,3,1,2,3,0,0,0,1,2,3,2,3,4,5,5,5,1,2,3,3,3
114,0,3,0,2,5,1,2,1,3,3,3,1,5,5,4,0,0,2,0,0,1,1,1,1,2,3,3,3,3,1,2,2,2,2
115,1,2,1,1,4,1,2,1,2,2,2,5,5,5,2,2,2,0,0,0,2,2,2,3,3,3,3,3,3,0,0,0,0,0
116,0,3,0,2,4,1,2,1,2,2,2,2,2,2,4,0,0,1,3,3,1,2,2,3,3,3,3,3,3,1,4,4,4,4
117,1,4,1,1,4,2,2,1,2,3,3,1,5,0,0,0,0,1,1,1,1,2,2,1,2,3,5,5,5,1,2,4,4,4
118,1,3,1,1,4,3,2,1,4,4,4,1,3,5,2,2,2,2,3,3,1,1,1,2,3,5,5,5,5,2,3,4,4,4
119,0,3,1,1,4,3,2,2,2,4,4,2,5,5,1,4,0,1,0,0,1,2,2,1,2,3,4,4,4,4,0,0,0,0
120,0,1,0,2,5,1,2,1,2,2,2,2,3,4,0,0,0,1,2,3,2,3,4,1,3,5,5,5,5,1,2,4,4,4
121,0,4,1,1,1,2,2,1,2,3,3,1,3,5,0,0,0,1,2,2,1,2,2,1,3,5,5,5,5,1,1,1,1,1
122,0,3,0,2,5,1,2,1,2,3,3,1,2,3,4,0,0,1,2,2,1,2,2,1,1,1,1,1,1,2,2,2,2,2
123,1,2,1,1,4,2,2,1,1,3,3,1,3,3,2,2,2,2,2,2,2,2,2,3,3,3,3,3,3,3,3,3,3,3
124,1,2,1,1,4,4,2,1,3,3,3,1,3,3,1,2,4,1,1,1,3,3,3,1,1,1,1,1,1,1,1,1,1,1
125,0,3,0,1,5,1,2,1,2,2,2,2,5,5,1,4,4,1,3,3,3,4,4,3,5,5,5,5,5,1,1,1,1,1
126,0,4,0,3,5,2,2,1,2,2,2,1,2,3,1,3,4,3,0,0,2,3,4,1,2,3,4,4,4,1,2,2,2,2
127,1,3,0,2,4,2,2,1,2,3,3,1,2,3,1,4,4,1,3,3,1,1,1,1,2,3,4,5,5,1,2,3,3,3
128,1,3,1,3,5,2,1,1,1,1,1,1,1,1,1,0,0,2,3,3,1,1,1,1,2,3,3,3,3,2,4,4,4,4
129,0,3,1,1,4,2,2,1,2,2,2,1,2,5,0,0,0,0,0,0,2,4,4,1,1,1,1,1,1,1,1,1,1,1
130,0,3,1,1,4,2,2,1,2,2,2,1,5,5,0,0,0,1,3,3,1,1,1,5,5,5,5,5,5,1,1,1,1,1
131,0,4,0,2,4,1,1,1,2,3,3,1,3,5,2,4,0,1,2,2,1,2,4,1,3,5,5,5,5,1,2,3,4,4
132,1,2,1,3,3,3,2,1,3,3,3,1,1,1,2,3,3,3,3,3,2,3,3,2,3,5,5,5,5,3,0,0,0,0
133,0,3,0,2,3,3,2,1,1,1,1,4,4,4,2,2,2,1,1,1,2,2,2,1,1,1,1,1,1,4,4,4,4,4
134,0,4,0,3,5,1,2,1,2,2,2,2,3,4,0,0,0,1,1,1,1,2,2,5,5,5,5,5,5,4,4,4,4,4
135,0,3,1,2,4,2,2,1,2,2,2,2,3,4,0,0,0,3,3,3,4,4,4,2,3,3,3,3,3,1,2,2,2,2
136,0,4,1,1,3,2,2,4,1,2,4,1,2,3,1,4,0,1,2,3,1,2,3,1,2,3,4,5,0,1,2,4,0,0
137,1,3,0,2,5,1,2,1,2,2,2,1,5,5,0,0,0,1,3,3,1,2,4,1,0,0,0,0,0,1,3,4,4,4
138,0,3,1,2,4,2,2,1,1,2,3,1,2,5,2,4,0,1,2,3,1,2,4,1,2,3,4,5,5,1,2,3,4,4
139,0,3,1,1,4,2,2,1,2,3,3,2,3,5,0,0,0,3,0,0,1,2,2,1,3,5,5,5,5,3,0,0,0,0
140,0,1,0,2,1,1,2,1,2,2,2,1,2,5,4,0,0,3,3,3,1,3,3,1,3,3,3,3,3,4,4,4,4,4
141,0,3,0,1,5,1,2,1,2,2,2,1,4,5,4,0,0,1,3,3,2,2,2,5,0,0,0,0,0,1,2,3,4,0
142,1,2,0,3,3,3,2,1,1,1,1,4,4,4,2,2,2,1,2,2,2,2,2,1,1,1,1,1,1,4,4,4,4,4
143,1,2,1,2,3,2,2,1,1,1,1,1,3,5,1,1,1,1,2,2,1,2,2,1,2,3,3,3,3,1,3,3,3,3
144,1,2,1,1,3,1,2,1,1,2,3,1,3,3,1,2,2,2,3,3,1,2,4,1,2,3,3,3,3,1,2,3,3,3
145,1,2,1,2,3,2,1,1,1,1,1,1,2,5,1,1,1,1,2,3,2,2,2,1,2,3,3,3,3,1,3,4,4,4
146,0,4,1,3,4,1,2,1,2,2,2,4,5,0,0,0,0,2,3,3,2,4,4,5,0,0,0,0,0,4,4,4,4,4
147,0,3,1,2,2,2,2,2,2,2,2,2,2,2,3,3,3,2,2,2,3,3,3,2,2,2,2,2,2,4,4,4,4,4
148,1,3,0,2,3,1,3,1,1,2,2,1,4,5,0,0,0,1,1,1,1,2,2,1,1,1,1,1,1,0,0,0,0,0
149,1,3,1,1,3,3,2,4,1,2,3,1,2,3,1,2,2,1,3,3,1,2,2,1,2,4,4,4,4,4,4,4,4,4
150,1,1,1,2,3,2,2,2,1,2,2,1,2,4,1,2,2,1,1,1,1,2,2,1,2,3,4,5,5,1,1,1,1,1
151,0,4,0,2,4,2,1,1,2,2,2,5,5,5,4,0,0,1,1,1,2,4,4,1,3,3,3,3,3,2,4,4,4,4
152,1,1,1,1,3,3,3,1,1,2,2,1,4,4,1,2,2,2,2,2,3,3,3,1,2,3,3,3,3,1,4,4,4,4
153,1,2,1,3,4,2,4,2,1,2,2,1,2,2,1,2,2,1,2,2,1,2,2,1,2,3,3,3,3,4,4,4,4,4
154,1,3,0,1,5,1,1,1,1,1,1,1,1,1,2,2,2,1,2,2,1,1,1,1,5,5,5,5,5,1,2,2,2,2
155,1,4,0,2,5,3,3,1,4,4,4,5,5,5,2,2,2,0,0,0,4,4,4,5,5,5,5,5,5,1,4,4,4,4
156,1,3,1,3,3,3,2,1,1,1,1,3,4,5,1,1,1,1,2,2,1,2,2,1,2,3,4,4,4,1,2,4,4,4
157,1,3,0,1,4,2,1,1,2,2,2,3,4,5,1,2,0,1,2,3,1,2,3,1,2,3,4,5,0,1,2,3,4,0
158,0,1,0,2,4,1,2,1,1,2,2,1,2,3,1,2,3,1,3,3,1,2,2,1,2,3,3,3,3,1,2,2,2,2
159,0,1,0,2,4,1,2,1,2,3,3,2,3,4,4,4,4,2,2,2,2,2,2,1,3,5,5,5,5,1,3,4,4,4
160,1,1,0,2,5,1,2,1,2,2,2,1,5,5,2,2,2,1,1,1,3,3,3,1,3,3,3,3,3,1,4,4,4,4
161,1,2,0,3,5,3,2,1,1,1,1,5,5,5,2,2,2,1,2,2,1,2,2,2,3,5,5,5,5,1,1,1,1,1
162,0,2,0,3,5,1,2,1,2,2,2,4,5,5,2,2,2,3,3,3,2,2,2,3,3,3,3,3,3,1,1,1,1,1
163,0,2,0,1,5,1,2,1,2,3,3,1,2,5,1,3,3,2,3,3,2,2,2,1,2,4,4,4,4,1,4,4,4,4
164,0,2,0,2,5,1,2,1,2,3,3,2,3,4,2,3,3,1,2,3,2,4,4,3,5,0,0,0,0,1,2,2,2,2
165,1,1,1,2,4,3,2,1,1,3,3,1,3,5,1,2,2,1,2,3,1,2,4,2,3,4,4,4,4,2,4,4,4,4
166,1,3,1,1,3,1,1,1,2,2,2,1,1,1,0,0,0,3,3,3,2,2,2,1,2,2,2,2,2,1,1,1,1,1
167,0,2,1,1,3,2,2,2,2,2,2,1,5,5,2,4,0,2,2,2,1,1,1,2,5,5,5,5,5,1,2,3,4,0
168,1,2,1,1,5,2,2,1,1,2,2,1,4,5,1,2,0,1,3,0,2,2,2,1,2,3,4,5,0,1,2,3,4,0
169,1,2,1,1,4,2,1,1,2,2,2,1,4,5,2,0,0,0,0,0,1,2,4,3,5,5,5,5,5,1,2,4,4,4
170,1,2,0,5,5,1,1,1,3,3,3,0,0,0,0,0,0,0,0,0,1,1,1,0,0,0,0,0,0,0,0,0,0,0
171,1,5,1,1,4,1,2,1,2,2,2,1,2,3,1,1,1,1,1,1,1,2,2,1,2,3,4,4,4,2,2,2,2,2
172,0,2,1,2,4,2,2,2,1,3,3,2,4,5,2,3,4,2,2,2,1,1,1,1,3,3,3,3,3,4,4,4,4,4
173,1,2,1,2,3,3,2,2,1,1,1,5,5,5,1,0,0,3,3,3,1,2,4,1,3,4,4,4,4,2,4,4,4,4
174,0,3,0,1,5,1,1,1,2,2,2,1,3,5,3,0,0,1,2,0,1,1,1,1,0,0,0,0,0,1,2,3,3,3
175,0,2,0,2,5,1,2,1,1,3,3,2,3,3,3,3,3,3,3,3,1,2,4,1,3,5,5,5,5,2,4,4,4,4
176,1,2,1,2,4,2,2,1,2,2,2,5,5,5,2,0,0,1,2,2,4,4,4,3,0,0,0,0,0,2,0,0,0,0
177,1,2,1,1,3,3,1,1,1,2,3,1,2,3,1,4,0,1,3,3,1,2,4,1,2,3,3,3,3,1,2,3,4,4
178,1,2,1,1,3,3,3,2,1,2,2,1,2,3,1,2,2,2,2,2,2,2,2,1,2,3,4,5,5,2,4,4,4,4
179,0,3,0,3,5,1,2,1,2,2,2,4,5,5,4,0,0,1,2,3,1,2,3,1,3,5,5,5,5,1,2,4,0,0
180,0,4,0,3,5,1,2,1,3,3,3,2,4,4,0,0,0,3,0,0,1,1,1,0,0,0,0,0,0,0,0,0,0,0
181,1,3,0,1,5,2,2,1,1,2,2,1,2,5,0,0,0,1,2,2,1,2,2,1,3,3,3,3,3,1,4,4,4,4
182,0,5,0,2,1,2,2,2,1,2,2,1,2,2,1,2,4,2,2,2,1,1,1,2,2,2,2,2,2,1,2,2,2,2
183,1,4,1,3,3,3,2,1,1,2,3,1,2,3,1,2,2,1,2,0,1,2,4,1,2,3,4,4,4,2,2,2,2,2
184,1,3,1,1,5,1,3,1,1,2,2,1,2,3,1,2,0,1,2,3,1,2,2,1,2,3,4,4,4,1,2,2,2,2
185,0,4,1,1,4,2,1,1,2,2,2,1,3,5,3,0,0,2,2,2,1,2,3,1,2,3,5,5,5,1,2,3,4,0
186,1,2,1,1,4,2,2,1,2,3,3,1,3,0,2,0,0,1,3,0,1,1,1,1,5,0,0,0,0,1,2,3,4,0
187,1,3,1,1,3,2,3,1,2,2,2,1,3,5,4,4,4,2,3,3,1,1,1,1,2,3,5,5,5,1,2,3,4,4
188,1,1,1,1,5,1,3,2,1,2,2,2,3,3,1,2,0,2,3,3,1,1,1,1,2,3,4,4,4,1,2,3,4,0
189,1,4,0,3,5,1,2,1,3,3,3,0,0,0,0,0,0,0,0,0,2,2,2,0,0,0,0,0,0,0,0,0,0,0
190,1,4,1,1,3,1,1,1,2,2,2,1,5,5,2,4,0,1,2,3,1,2,4,1,3,0,0,0,0,1,2,0,0,0
191,1,2,1,1,3,3,2,1,1,3,3,1,2,3,1,0,0,2,0,0,1,2,2,2,4,0,0,0,0,2,3,3,3,3
192,0,1,0,2,5,1,3,1,2,2,2,1,2,5,4,0,0,1,2,3,1,2,4,1,2,3,3,3,3,1,3,4,4,4
193,0,1,0,2,5,2,2,1,2,2,2,1,5,5,1,0,0,1,0,0,2,2,2,1,3,3,3,3,3,1,0,0,0,0
194,1,3,1,1,4,2,2,2,1,1,1,1,3,5,1,2,2,1,3,3,2,2,2,2,5,5,5,5,5,1,2,4,4,4
195,0,3,1,1,4,2,2,2,2,2,2,1,2,3,4,0,0,3,3,3,1,2,2,1,3,3,3,3,3,1,0,0,0,0
196,1,2,0,1,5,1,3,1,1,1,1,0,0,0,1,0,0,3,3,3,1,2,4,1,2,2,2,2,2,1,2,3,4,4
197,1,2,1,1,4,4,1,1,1,2,3,1,2,3,1,2,3,1,2,2,1,2,2,1,2,3,4,5,5,1,1,1,1,1
198,1,2,1,2,4,3,3,1,1,1,1,3,4,5,1,2,2,1,2,2,2,2,2,1,2,3,5,5,5,1,2,4,4,4
199,1,1,0,3,5,1,3,1,2,3,3,1,4,5,2,0,0,2,3,3,1,1,1,1,2,5,5,5,5,1,2,4,4,4
200,1,1,1,1,4,2,3,2,1,2,2,1,5,5,1,2,2,1,2,2,2,4,4,1,2,3,5,5,5,1,2,4,4,4
201,0,3,1,3,5,2,2,1,1,2,2,1,4,5,1,4,0,1,2,0,1,1,1,1,2,3,3,3,3,1,4,4,4,4
202,0,3,0,1,5,1,2,1,3,3,3,2,2,2,2,2,2,1,1,1,1,1,1,3,3,3,3,3,3,4,4,4,4,4
203,1,1,0,2,5,1,2,1,2,2,2,1,4,4,4,0,0,1,2,3,1,2,2,5,5,5,5,5,5,1,3,3,3,3
204,0,1,0,2,5,1,1,1,2,2,2,2,2,2,0,0,0,2,3,3,1,1,1,3,5,5,5,5,5,1,2,3,4,4
205,1,1,1,1,1,1,2,2,2,2,2,1,1,1,1,0,0,1,1,1,1,1,1,1,1,1,1,1,1,1,1,1,1,1
206,1,1,0,2,5,1,3,1,2,2,2,1,2,3,2,0,0,3,3,3,1,1,1,1,3,3,3,3,3,4,4,4,4,4
207,1,2,0,3,5,1,2,1,2,2,2,4,5,0,2,0,0,0,0,0,1,1,1,0,0,0,0,0,0,2,2,2,2,2
208,0,3,1,1,3,2,2,1,2,3,3,1,4,5,1,2,4,1,2,2,3,4,4,2,3,5,5,5,5,1,2,4,4,4
209,1,4,1,2,4,3,2,1,1,2,2,1,4,5,1,2,2,1,2,2,1,2,2,1,3,4,5,5,5,1,2,2,2,2
210,0,3,0,1,5,1,2,1,2,2,2,2,3,5,0,0,0,1,3,3,1,1,1,1,2,5,5,5,5,1,2,3,3,3
